symbol,weight,date,ttf_name,optimized_at
NMR,0.18350649590908583,2022-11-01,Investment Banking and Brokerage,2022-11-01 12:18:33.068828
FNF,0.13707446438485038,2022-11-01,Investment Banking and Brokerage,2022-11-01 12:18:33.068828
GS,0.12574956679354618,2022-11-01,Investment Banking and Brokerage,2022-11-01 12:18:33.068828
MS,0.11235695618836292,2022-11-01,Investment Banking and Brokerage,2022-11-01 12:18:33.068828
IBKR,0.10741232305849967,2022-11-01,Investment Banking and Brokerage,2022-11-01 12:18:33.068828
SCHW,0.10128715104818498,2022-11-01,Investment Banking and Brokerage,2022-11-01 12:18:33.068828
LPLA,0.09481511469249401,2022-11-01,Investment Banking and Brokerage,2022-11-01 12:18:33.068828
XP,0.07709139940181424,2022-11-01,Investment Banking and Brokerage,2022-11-01 12:18:33.068828
HOOD,0.06070652852316185,2022-11-01,Investment Banking and Brokerage,2022-11-01 12:18:33.068828
NLOK,0.11979286934048723,2022-11-01,Cybersecurity,2022-11-01 12:18:57.806986
CHKP,0.11712938115940362,2022-11-01,Cybersecurity,2022-11-01 12:18:57.806986
NTCT,0.1144605536578109,2022-11-01,Cybersecurity,2022-11-01 12:18:57.806986
CSCO,0.10714434446113409,2022-11-01,Cybersecurity,2022-11-01 12:18:57.806986
RDWR,0.07656591696598171,2022-11-01,Cybersecurity,2022-11-01 12:18:57.806986
FFIV,0.0632751892325211,2022-11-01,Cybersecurity,2022-11-01 12:18:57.806986
ATEN,0.05002484935800011,2022-11-01,Cybersecurity,2022-11-01 12:18:57.806986
QLYS,0.043169680673129325,2022-11-01,Cybersecurity,2022-11-01 12:18:57.806986
PANW,0.042369413121591454,2022-11-01,Cybersecurity,2022-11-01 12:18:57.806986
TENB,0.03594851677226332,2022-11-01,Cybersecurity,2022-11-01 12:18:57.806986
RPD,0.03587444545513517,2022-11-01,Cybersecurity,2022-11-01 12:18:57.806986
FTNT,0.03250262412164628,2022-11-01,Cybersecurity,2022-11-01 12:18:57.806986
CYBR,0.03105204367037124,2022-11-01,Cybersecurity,2022-11-01 12:18:57.806986
VRNS,0.028462066526987538,2022-11-01,Cybersecurity,2022-11-01 12:18:57.806986
CRWD,0.02516947817302069,2022-11-01,Cybersecurity,2022-11-01 12:18:57.806986
OKTA,0.022865600873413258,2022-11-01,Cybersecurity,2022-11-01 12:18:57.806986
ZS,0.02053375997070648,2022-11-01,Cybersecurity,2022-11-01 12:18:57.806986
S,0.018779042904889246,2022-11-01,Cybersecurity,2022-11-01 12:18:57.806986
NET,0.01488022356150733,2022-11-01,Cybersecurity,2022-11-01 12:18:57.806986
LOPE,0.25665060752484614,2022-11-01,EdTech,2022-11-01 12:18:58.532733
LRN,0.20100545044624693,2022-11-01,EdTech,2022-11-01 12:18:58.532733
ARCE,0.17873197923712209,2022-11-01,EdTech,2022-11-01 12:18:58.532733
COUR,0.13139007264112598,2022-11-01,EdTech,2022-11-01 12:18:58.532733
UDMY,0.11925467327626664,2022-11-01,EdTech,2022-11-01 12:18:58.532733
CHGG,0.11296721687439232,2022-11-01,EdTech,2022-11-01 12:18:58.532733
ZWS,0.19967806942311292,2022-11-01,Water Utilities,2022-11-01 12:19:00.670233
AWK,0.18941303428279577,2022-11-01,Water Utilities,2022-11-01 12:19:00.670233
WTRG,0.1817458513500837,2022-11-01,Water Utilities,2022-11-01 12:19:00.670233
CWT,0.14532726197299486,2022-11-01,Water Utilities,2022-11-01 12:19:00.670233
MSEX,0.1448812609791767,2022-11-01,Water Utilities,2022-11-01 12:19:00.670233
AWR,0.13895452199183608,2022-11-01,Water Utilities,2022-11-01 12:19:00.670233
WPM,0.17329353883046575,2022-11-01,Silver mining,2022-11-01 12:19:02.151763
AUY,0.1456680344976026,2022-11-01,Silver mining,2022-11-01 12:19:02.151763
BVN,0.138165883387941,2022-11-01,Silver mining,2022-11-01 12:19:02.151763
HL,0.1161718150887146,2022-11-01,Silver mining,2022-11-01 12:19:02.151763
AG,0.11435805684474286,2022-11-01,Silver mining,2022-11-01 12:19:02.151763
FSM,0.10892620505099566,2022-11-01,Silver mining,2022-11-01 12:19:02.151763
CDE,0.10400448633190239,2022-11-01,Silver mining,2022-11-01 12:19:02.151763
EXK,0.09941197996763511,2022-11-01,Silver mining,2022-11-01 12:19:02.151763
TTC,0.12067397467724483,2022-11-01,Heavy Equipment and Machinery,2022-11-01 12:19:08.321492
PCAR,0.11829631711274519,2022-11-01,Heavy Equipment and Machinery,2022-11-01 12:19:08.321492
LNN,0.11482295415951452,2022-11-01,Heavy Equipment and Machinery,2022-11-01 12:19:08.321492
ALSN,0.11336691267294978,2022-11-01,Heavy Equipment and Machinery,2022-11-01 12:19:08.321492
OSK,0.10399117318845066,2022-11-01,Heavy Equipment and Machinery,2022-11-01 12:19:08.321492
CAT,0.09622433998378208,2022-11-01,Heavy Equipment and Machinery,2022-11-01 12:19:08.321492
DE,0.09301714488725552,2022-11-01,Heavy Equipment and Machinery,2022-11-01 12:19:08.321492
CNHI,0.08141464385251923,2022-11-01,Heavy Equipment and Machinery,2022-11-01 12:19:08.321492
TEX,0.08047247334009908,2022-11-01,Heavy Equipment and Machinery,2022-11-01 12:19:08.321492
AGCO,0.07772006612543919,2022-11-01,Heavy Equipment and Machinery,2022-11-01 12:19:08.321492
SONY,0.3,2022-11-01,Virtual reality and AR,2022-11-01 12:19:09.917877
MSFT,0.217184082852015,2022-11-01,Virtual reality and AR,2022-11-01 12:19:09.917877
QCOM,0.14173156443716514,2022-11-01,Virtual reality and AR,2022-11-01 12:19:09.917877
BABA,0.09990961586734677,2022-11-01,Virtual reality and AR,2022-11-01 12:19:09.917877
BIDU,0.09715549203266138,2022-11-01,Virtual reality and AR,2022-11-01 12:19:09.917877
NVDA,0.05667147045200076,2022-11-01,Virtual reality and AR,2022-11-01 12:19:09.917877
SNAP,0.05199281548159993,2022-11-01,Virtual reality and AR,2022-11-01 12:19:09.917877
U,0.03535495887721104,2022-11-01,Virtual reality and AR,2022-11-01 12:19:09.917877
RY,0.055715656781430194,2022-11-01,Banking,2022-11-01 12:19:15.339303
BNS,0.05512540455131154,2022-11-01,Banking,2022-11-01 12:19:15.339303
HDB,0.05450148599447415,2022-11-01,Banking,2022-11-01 12:19:15.339303
TD,0.05417198268776737,2022-11-01,Banking,2022-11-01 12:19:15.339303
CM,0.053004860846574436,2022-11-01,Banking,2022-11-01 12:19:15.339303
USB,0.05222638256775596,2022-11-01,Banking,2022-11-01 12:19:15.339303
GS,0.05044492128933882,2022-11-01,Banking,2022-11-01 12:19:15.339303
BSBR,0.04896987595532071,2022-11-01,Banking,2022-11-01 12:19:15.339303
MS,0.04849681975631347,2022-11-01,Banking,2022-11-01 12:19:15.339303
JPM,0.04810556175724574,2022-11-01,Banking,2022-11-01 12:19:15.339303
HSBC,0.04799439269169466,2022-11-01,Banking,2022-11-01 12:19:15.339303
C,0.04721754546392238,2022-11-01,Banking,2022-11-01 12:19:15.339303
BAC,0.04509141195652239,2022-11-01,Banking,2022-11-01 12:19:15.339303
WFC,0.04446355087152707,2022-11-01,Banking,2022-11-01 12:19:15.339303
COF,0.042656067679364806,2022-11-01,Banking,2022-11-01 12:19:15.339303
EWBC,0.04107573718438115,2022-11-01,Banking,2022-11-01 12:19:15.339303
LYG,0.03778391776731798,2022-11-01,Banking,2022-11-01 12:19:15.339303
BCS,0.037101971991195234,2022-11-01,Banking,2022-11-01 12:19:15.339303
CS,0.034836957294460645,2022-11-01,Banking,2022-11-01 12:19:15.339303
ING,0.03452275101307956,2022-11-01,Banking,2022-11-01 12:19:15.339303
NU,0.03396464033281899,2022-11-01,Banking,2022-11-01 12:19:15.339303
DB,0.03252810356618277,2022-11-01,Banking,2022-11-01 12:19:15.339303
IBM,0.3,2022-11-01,Analytics and BI Platforms,2022-11-01 12:19:18.159298
ORCL,0.17734753450849103,2022-11-01,Analytics and BI Platforms,2022-11-01 12:19:18.159298
SAP,0.16863723581873513,2022-11-01,Analytics and BI Platforms,2022-11-01 12:19:18.159298
ZEN,0.12210249680173789,2022-11-01,Analytics and BI Platforms,2022-11-01 12:19:18.159298
SPLK,0.08793381484011338,2022-11-01,Analytics and BI Platforms,2022-11-01 12:19:18.159298
AYX,0.08694878236265001,2022-11-01,Analytics and BI Platforms,2022-11-01 12:19:18.159298
DOMO,0.05703013566827271,2022-11-01,Analytics and BI Platforms,2022-11-01 12:19:18.159298
IBM,0.19168769796987642,2022-11-01,Big Tech,2022-11-01 12:19:24.586439
CSCO,0.09352365315753355,2022-11-01,Big Tech,2022-11-01 12:19:24.586439
ORCL,0.07526044480500219,2022-11-01,Big Tech,2022-11-01 12:19:24.586439
GOOG,0.07294379083083002,2022-11-01,Big Tech,2022-11-01 12:19:24.586439
TXN,0.05998646174103395,2022-11-01,Big Tech,2022-11-01 12:19:24.586439
TSM,0.05911520706059948,2022-11-01,Big Tech,2022-11-01 12:19:24.586439
BABA,0.056392800684806524,2022-11-01,Big Tech,2022-11-01 12:19:24.586439
AMZN,0.05046636945547409,2022-11-01,Big Tech,2022-11-01 12:19:24.586439
INTC,0.04825388435665034,2022-11-01,Big Tech,2022-11-01 12:19:24.586439
MSFT,0.045756198233615514,2022-11-01,Big Tech,2022-11-01 12:19:24.586439
AAPL,0.0452762973305283,2022-11-01,Big Tech,2022-11-01 12:19:24.586439
AVGO,0.04447199133818982,2022-11-01,Big Tech,2022-11-01 12:19:24.586439
ADBE,0.037026640803068944,2022-11-01,Big Tech,2022-11-01 12:19:24.586439
CRM,0.03421258440703846,2022-11-01,Big Tech,2022-11-01 12:19:24.586439
QCOM,0.03355480936015739,2022-11-01,Big Tech,2022-11-01 12:19:24.586439
ASML,0.021558834884140995,2022-11-01,Big Tech,2022-11-01 12:19:24.586439
AMD,0.01630030126044245,2022-11-01,Big Tech,2022-11-01 12:19:24.586439
NVDA,0.014212032321011543,2022-11-01,Big Tech,2022-11-01 12:19:24.586439
CMC,0.19174067771586784,2022-11-01,Steel manufacturing,2022-11-01 12:19:30.880728
STLD,0.16855368851126665,2022-11-01,Steel manufacturing,2022-11-01 12:19:30.880728
NUE,0.15707264686223796,2022-11-01,Steel manufacturing,2022-11-01 12:19:30.880728
SCHN,0.1372193191416598,2022-11-01,Steel manufacturing,2022-11-01 12:19:30.880728
X,0.12347167070223597,2022-11-01,Steel manufacturing,2022-11-01 12:19:30.880728
TMST,0.11307698416055105,2022-11-01,Steel manufacturing,2022-11-01 12:19:30.880728
CLF,0.10886501290618067,2022-11-01,Steel manufacturing,2022-11-01 12:19:30.880728
CI,0.231657773297895,2022-11-01,Health insurance,2022-11-01 12:19:34.165141
UNH,0.21621880443266475,2022-11-01,Health insurance,2022-11-01 12:19:34.165141
HUM,0.19262863987821938,2022-11-01,Health insurance,2022-11-01 12:19:34.165141
MOH,0.18320568792961492,2022-11-01,Health insurance,2022-11-01 12:19:34.165141
CNC,0.1762890944616058,2022-11-01,Health insurance,2022-11-01 12:19:34.165141
FISV,0.3,2022-11-01,FinTech,2022-11-01 12:19:34.704177
WDAY,0.18775418770173077,2022-11-01,FinTech,2022-11-01 12:19:34.704177
INTU,0.12062970440232205,2022-11-01,FinTech,2022-11-01 12:19:34.704177
PYPL,0.0921611400912042,2022-11-01,FinTech,2022-11-01 12:19:34.704177
HOOD,0.07674500388684236,2022-11-01,FinTech,2022-11-01 12:19:34.704177
SOFI,0.05305425753795824,2022-11-01,FinTech,2022-11-01 12:19:34.704177
NU,0.04882681071316422,2022-11-01,FinTech,2022-11-01 12:19:34.704177
NVEI,0.038611863613583104,2022-11-01,FinTech,2022-11-01 12:19:34.704177
BILL,0.02726912134296667,2022-11-01,FinTech,2022-11-01 12:19:34.704177
UPST,0.01919930643012429,2022-11-01,FinTech,2022-11-01 12:19:34.704177
SQ,0.013274825836569134,2022-11-01,FinTech,2022-11-01 12:19:34.704177
COIN,0.012389784923003582,2022-11-01,FinTech,2022-11-01 12:19:34.704177
AFRM,0.010083993520531433,2022-11-01,FinTech,2022-11-01 12:19:34.704177
IBM,0.2077477710416245,2022-11-01,IT Cloud Infrastructure,2022-11-01 12:19:35.210273
LUMN,0.13570483271327213,2022-11-01,IT Cloud Infrastructure,2022-11-01 12:19:35.210273
ORCL,0.1334331364842272,2022-11-01,IT Cloud Infrastructure,2022-11-01 12:19:35.210273
VMW,0.11975339154519388,2022-11-01,IT Cloud Infrastructure,2022-11-01 12:19:35.210273
GOOGL,0.11370832971487883,2022-11-01,IT Cloud Infrastructure,2022-11-01 12:19:35.210273
MSFT,0.10705975109038772,2022-11-01,IT Cloud Infrastructure,2022-11-01 12:19:35.210273
AMZN,0.09678055308891678,2022-11-01,IT Cloud Infrastructure,2022-11-01 12:19:35.210273
BABA,0.08581223432149901,2022-11-01,IT Cloud Infrastructure,2022-11-01 12:19:35.210273
BEPC,0.15156333763378627,2022-11-01,Green energy,2022-11-01 12:19:36.138929
CWEN,0.13780943265170884,2022-11-01,Green energy,2022-11-01 12:19:36.138929
AY,0.13434912045255232,2022-11-01,Green energy,2022-11-01 12:19:36.138929
ORA,0.12004212215769373,2022-11-01,Green energy,2022-11-01 12:19:36.138929
FSLR,0.08183986374918968,2022-11-01,Green energy,2022-11-01 12:19:36.138929
CSIQ,0.0628581020149924,2022-11-01,Green energy,2022-11-01 12:19:36.138929
JKS,0.06181643299308644,2022-11-01,Green energy,2022-11-01 12:19:36.138929
SEDG,0.05376045683924032,2022-11-01,Green energy,2022-11-01 12:19:36.138929
ENPH,0.04783015444364585,2022-11-01,Green energy,2022-11-01 12:19:36.138929
PLUG,0.039390053690235856,2022-11-01,Green energy,2022-11-01 12:19:36.138929
RUN,0.03906497629092801,2022-11-01,Green energy,2022-11-01 12:19:36.138929
NOVA,0.036613773682344704,2022-11-01,Green energy,2022-11-01 12:19:36.138929
FLNC,0.03306217340059559,2022-11-01,Green energy,2022-11-01 12:19:36.138929
BP,0.10517582703926463,2022-11-01,Natural gas,2022-11-01 12:19:43.548897
CVX,0.09358313592024668,2022-11-01,Natural gas,2022-11-01 12:19:43.548897
EQT,0.09249159773400518,2022-11-01,Natural gas,2022-11-01 12:19:43.548897
CLR,0.08859295864795258,2022-11-01,Natural gas,2022-11-01 12:19:43.548897
HES,0.08446997221660932,2022-11-01,Natural gas,2022-11-01 12:19:43.548897
XOM,0.08188349592289565,2022-11-01,Natural gas,2022-11-01 12:19:43.548897
COP,0.08162351963342294,2022-11-01,Natural gas,2022-11-01 12:19:43.548897
DVN,0.07663684499223107,2022-11-01,Natural gas,2022-11-01 12:19:43.548897
OXY,0.07507543062723486,2022-11-01,Natural gas,2022-11-01 12:19:43.548897
OVV,0.07420292025334094,2022-11-01,Natural gas,2022-11-01 12:19:43.548897
EOG,0.07350845452481004,2022-11-01,Natural gas,2022-11-01 12:19:43.548897
MRO,0.07275584248798615,2022-11-01,Natural gas,2022-11-01 12:19:43.548897
MCD,0.09958222849028454,2022-11-01,Restaurants and Fast food,2022-11-01 12:19:48.503817
QSR,0.07394993958334742,2022-11-01,Restaurants and Fast food,2022-11-01 12:19:48.503817
YUM,0.07088068563787338,2022-11-01,Restaurants and Fast food,2022-11-01 12:19:48.503817
DPZ,0.06520755698000781,2022-11-01,Restaurants and Fast food,2022-11-01 12:19:48.503817
ARCO,0.06072442871511991,2022-11-01,Restaurants and Fast food,2022-11-01 12:19:48.503817
WEN,0.057722542317648805,2022-11-01,Restaurants and Fast food,2022-11-01 12:19:48.503817
JACK,0.04861172328426373,2022-11-01,Restaurants and Fast food,2022-11-01 12:19:48.503817
PZZA,0.04857227892292529,2022-11-01,Restaurants and Fast food,2022-11-01 12:19:48.503817
SBUX,0.048463640446810105,2022-11-01,Restaurants and Fast food,2022-11-01 12:19:48.503817
YUMC,0.04735617568897419,2022-11-01,Restaurants and Fast food,2022-11-01 12:19:48.503817
CMG,0.04388767988861281,2022-11-01,Restaurants and Fast food,2022-11-01 12:19:48.503817
CBRL,0.042040894094082105,2022-11-01,Restaurants and Fast food,2022-11-01 12:19:48.503817
DENN,0.041906977199703446,2022-11-01,Restaurants and Fast food,2022-11-01 12:19:48.503817
TXRH,0.03905916860866702,2022-11-01,Restaurants and Fast food,2022-11-01 12:19:48.503817
DIN,0.03459786159006342,2022-11-01,Restaurants and Fast food,2022-11-01 12:19:48.503817
BLMN,0.03125965384176372,2022-11-01,Restaurants and Fast food,2022-11-01 12:19:48.503817
CAKE,0.031147227934067864,2022-11-01,Restaurants and Fast food,2022-11-01 12:19:48.503817
PLAY,0.029862631196427788,2022-11-01,Restaurants and Fast food,2022-11-01 12:19:48.503817
WING,0.028996302807562713,2022-11-01,Restaurants and Fast food,2022-11-01 12:19:48.503817
SHAK,0.028970051583202892,2022-11-01,Restaurants and Fast food,2022-11-01 12:19:48.503817
EAT,0.027200351188590932,2022-11-01,Restaurants and Fast food,2022-11-01 12:19:48.503817
WAB,0.1330958128257322,2022-11-01,Railroads,2022-11-01 12:19:51.193889
CNI,0.13226899284468938,2022-11-01,Railroads,2022-11-01 12:19:51.193889
CSX,0.12957597783278982,2022-11-01,Railroads,2022-11-01 12:19:51.193889
UNP,0.1281205751794735,2022-11-01,Railroads,2022-11-01 12:19:51.193889
CP,0.12803729288447613,2022-11-01,Railroads,2022-11-01 12:19:51.193889
NSC,0.12731812938328882,2022-11-01,Railroads,2022-11-01 12:19:51.193889
TRN,0.11876256022889706,2022-11-01,Railroads,2022-11-01 12:19:51.193889
GBX,0.10282065882065307,2022-11-01,Railroads,2022-11-01 12:19:51.193889
KT,0.19819744817634277,2022-11-01,Telecom and Internet,2022-11-01 12:19:55.763096
TU,0.19777958451822103,2022-11-01,Telecom and Internet,2022-11-01 12:19:55.763096
BCE,0.17468296093425428,2022-11-01,Telecom and Internet,2022-11-01 12:19:55.763096
TEF,0.17018996692066965,2022-11-01,Telecom and Internet,2022-11-01 12:19:55.763096
T,0.15048385070125037,2022-11-01,Telecom and Internet,2022-11-01 12:19:55.763096
VZ,0.07584284239452359,2022-11-01,Telecom and Internet,2022-11-01 12:19:55.763096
ORAN,0.03282334635473837,2022-11-01,Telecom and Internet,2022-11-01 12:19:55.763096
E,0.07105663250327203,2022-11-01,Oil and Gas Production,2022-11-01 12:19:57.166418
MPC,0.0678052504062555,2022-11-01,Oil and Gas Production,2022-11-01 12:19:57.166418
TTE,0.06744249175114728,2022-11-01,Oil and Gas Production,2022-11-01 12:19:57.166418
BP,0.05582548420818058,2022-11-01,Oil and Gas Production,2022-11-01 12:19:57.166418
PSX,0.054398970279237124,2022-11-01,Oil and Gas Production,2022-11-01 12:19:57.166418
CLR,0.05104121232604318,2022-11-01,Oil and Gas Production,2022-11-01 12:19:57.166418
HES,0.050231119546270964,2022-11-01,Oil and Gas Production,2022-11-01 12:19:57.166418
DVN,0.04990120968324012,2022-11-01,Oil and Gas Production,2022-11-01 12:19:57.166418
FANG,0.04930944078158889,2022-11-01,Oil and Gas Production,2022-11-01 12:19:57.166418
CTRA,0.04880373694978826,2022-11-01,Oil and Gas Production,2022-11-01 12:19:57.166418
PBR,0.04838328925764066,2022-11-01,Oil and Gas Production,2022-11-01 12:19:57.166418
COP,0.04707483789081044,2022-11-01,Oil and Gas Production,2022-11-01 12:19:57.166418
MRO,0.04637205081431086,2022-11-01,Oil and Gas Production,2022-11-01 12:19:57.166418
OXY,0.04570742259337719,2022-11-01,Oil and Gas Production,2022-11-01 12:19:57.166418
PXD,0.04505111096476515,2022-11-01,Oil and Gas Production,2022-11-01 12:19:57.166418
CVX,0.04502986852404156,2022-11-01,Oil and Gas Production,2022-11-01 12:19:57.166418
VLO,0.041365137751764744,2022-11-01,Oil and Gas Production,2022-11-01 12:19:57.166418
EOG,0.04045652235793047,2022-11-01,Oil and Gas Production,2022-11-01 12:19:57.166418
PBR-A,0.039927106556987335,2022-11-01,Oil and Gas Production,2022-11-01 12:19:57.166418
XOM,0.034817104853347665,2022-11-01,Oil and Gas Production,2022-11-01 12:19:57.166418
CAN,0.3,2022-11-01,Cryptocurrencies mining,2022-11-01 12:19:57.515555
RIOT,0.25874910105656646,2022-11-01,Cryptocurrencies mining,2022-11-01 12:19:57.515555
HUT,0.2387473433510225,2022-11-01,Cryptocurrencies mining,2022-11-01 12:19:57.515555
MARA,0.20250355559241115,2022-11-01,Cryptocurrencies mining,2022-11-01 12:19:57.515555
LMT,0.10440262532185526,2022-11-01,Aerospace,2022-11-01 12:19:58.451692
NOC,0.10429870500613872,2022-11-01,Aerospace,2022-11-01 12:19:58.451692
RTX,0.1039794437110383,2022-11-01,Aerospace,2022-11-01 12:19:58.451692
HEI,0.10302441904110142,2022-11-01,Aerospace,2022-11-01 12:19:58.451692
ESLT,0.09979303792145673,2022-11-01,Aerospace,2022-11-01 12:19:58.451692
TXT,0.09541686785590116,2022-11-01,Aerospace,2022-11-01 12:19:58.451692
HWM,0.09508832938375301,2022-11-01,Aerospace,2022-11-01 12:19:58.451692
TDG,0.09411126807099922,2022-11-01,Aerospace,2022-11-01 12:19:58.451692
BA,0.08026241134056693,2022-11-01,Aerospace,2022-11-01 12:19:58.451692
MAXR,0.06459359825645325,2022-11-01,Aerospace,2022-11-01 12:19:58.451692
SPCE,0.055029294090736106,2022-11-01,Aerospace,2022-11-01 12:19:58.451692
RGR,0.13624540236831822,2022-11-01,Military and Defense,2022-11-01 12:19:59.993136
HON,0.07834680568129983,2022-11-01,Military and Defense,2022-11-01 12:19:59.993136
HEI-A,0.07321853492365073,2022-11-01,Military and Defense,2022-11-01 12:19:59.993136
HEI,0.07178021945495175,2022-11-01,Military and Defense,2022-11-01 12:19:59.993136
AIR,0.0712654781418654,2022-11-01,Military and Defense,2022-11-01 12:19:59.993136
BA,0.07092803156791397,2022-11-01,Military and Defense,2022-11-01 12:19:59.993136
AXON,0.06475510867367029,2022-11-01,Military and Defense,2022-11-01 12:19:59.993136
RTX,0.058533705381214926,2022-11-01,Military and Defense,2022-11-01 12:19:59.993136
GD,0.05581103266224918,2022-11-01,Military and Defense,2022-11-01 12:19:59.993136
KTOS,0.05104833474760372,2022-11-01,Military and Defense,2022-11-01 12:19:59.993136
MRCY,0.05059653522222307,2022-11-01,Military and Defense,2022-11-01 12:19:59.993136
RADA,0.04959994330171362,2022-11-01,Military and Defense,2022-11-01 12:19:59.993136
AVAV,0.0473786862396637,2022-11-01,Military and Defense,2022-11-01 12:19:59.993136
AJRD,0.03560655073393017,2022-11-01,Military and Defense,2022-11-01 12:19:59.993136
HII,0.03393262975645633,2022-11-01,Military and Defense,2022-11-01 12:19:59.993136
LHX,0.022572438577277143,2022-11-01,Military and Defense,2022-11-01 12:19:59.993136
NOC,0.018380562565997814,2022-11-01,Military and Defense,2022-11-01 12:19:59.993136
LMT,0.01,2022-11-01,Military and Defense,2022-11-01 12:19:59.993136
CHH,0.11046544443991539,2022-11-01,Hotels and resorts,2022-11-01 12:20:03.881942
MCRI,0.0760990317893786,2022-11-01,Hotels and resorts,2022-11-01 12:20:03.881942
IHG,0.07513084649628654,2022-11-01,Hotels and resorts,2022-11-01 12:20:03.881942
WH,0.07071076426960646,2022-11-01,Hotels and resorts,2022-11-01 12:20:03.881942
MAR,0.07063788631881254,2022-11-01,Hotels and resorts,2022-11-01 12:20:03.881942
HLT,0.0681010649594635,2022-11-01,Hotels and resorts,2022-11-01 12:20:03.881942
PLYA,0.06796244422007898,2022-11-01,Hotels and resorts,2022-11-01 12:20:03.881942
VAC,0.05888614029284339,2022-11-01,Hotels and resorts,2022-11-01 12:20:03.881942
H,0.057347947966746415,2022-11-01,Hotels and resorts,2022-11-01 12:20:03.881942
HGV,0.05167047162425986,2022-11-01,Hotels and resorts,2022-11-01 12:20:03.881942
RRR,0.04982615948071705,2022-11-01,Hotels and resorts,2022-11-01 12:20:03.881942
LVS,0.04773685928375297,2022-11-01,Hotels and resorts,2022-11-01 12:20:03.881942
TNL,0.04637832369590481,2022-11-01,Hotels and resorts,2022-11-01 12:20:03.881942
HTHT,0.03926085723098537,2022-11-01,Hotels and resorts,2022-11-01 12:20:03.881942
WYNN,0.03558949378101584,2022-11-01,Hotels and resorts,2022-11-01 12:20:03.881942
MGM,0.03383969292378759,2022-11-01,Hotels and resorts,2022-11-01 12:20:03.881942
MLCO,0.02826334819893491,2022-11-01,Hotels and resorts,2022-11-01 12:20:03.881942
CZR,0.0120932230275098,2022-11-01,Hotels and resorts,2022-11-01 12:20:03.881942
FSR,0.17373631157241634,2022-11-01,Electric vehicles (EV),2022-11-01 12:20:04.368665
TSLA,0.17310483483430017,2022-11-01,Electric vehicles (EV),2022-11-01 12:20:04.368665
XPEV,0.12704978223351956,2022-11-01,Electric vehicles (EV),2022-11-01 12:20:04.368665
NKLA,0.1236720383122244,2022-11-01,Electric vehicles (EV),2022-11-01 12:20:04.368665
LCID,0.10883728915861345,2022-11-01,Electric vehicles (EV),2022-11-01 12:20:04.368665
GOEV,0.10447054284211847,2022-11-01,Electric vehicles (EV),2022-11-01 12:20:04.368665
RIVN,0.09562561005823758,2022-11-01,Electric vehicles (EV),2022-11-01 12:20:04.368665
NIO,0.09350359098857013,2022-11-01,Electric vehicles (EV),2022-11-01 12:20:04.368665
EA,0.20860976858215294,2022-11-01,Video game industry,2022-11-01 12:20:05.802986
SCPL,0.16808989861123858,2022-11-01,Video game industry,2022-11-01 12:20:05.802986
ATVI,0.1637144700963907,2022-11-01,Video game industry,2022-11-01 12:20:05.802986
TTWO,0.15732253374323515,2022-11-01,Video game industry,2022-11-01 12:20:05.802986
NTES,0.12176904818622027,2022-11-01,Video game industry,2022-11-01 12:20:05.802986
PLTK,0.1050420971894398,2022-11-01,Video game industry,2022-11-01 12:20:05.802986
RBLX,0.07545218359132255,2022-11-01,Video game industry,2022-11-01 12:20:05.802986
IIPR,0.07503040706403484,2022-11-01,REIT Industrial,2022-11-01 12:20:09.666434
LAND,0.06409041059162054,2022-11-01,REIT Industrial,2022-11-01 12:20:09.666434
PLD,0.06143882083961471,2022-11-01,REIT Industrial,2022-11-01 12:20:09.666434
STAG,0.06129186869693317,2022-11-01,REIT Industrial,2022-11-01 12:20:09.666434
REXR,0.05933287998604634,2022-11-01,REIT Industrial,2022-11-01 12:20:09.666434
LXP,0.05901789942004127,2022-11-01,REIT Industrial,2022-11-01 12:20:09.666434
EGP,0.05872346920431501,2022-11-01,REIT Industrial,2022-11-01 12:20:09.666434
TRNO,0.05843819186317946,2022-11-01,REIT Industrial,2022-11-01 12:20:09.666434
NSA,0.05740457841236209,2022-11-01,REIT Industrial,2022-11-01 12:20:09.666434
EXR,0.0571677257802184,2022-11-01,REIT Industrial,2022-11-01 12:20:09.666434
LSI,0.056740271457616565,2022-11-01,REIT Industrial,2022-11-01 12:20:09.666434
FR,0.05637933964474941,2022-11-01,REIT Industrial,2022-11-01 12:20:09.666434
CUBE,0.0563174494902489,2022-11-01,REIT Industrial,2022-11-01 12:20:09.666434
PLYM,0.055916857720518506,2022-11-01,REIT Industrial,2022-11-01 12:20:09.666434
COLD,0.05566488291052934,2022-11-01,REIT Industrial,2022-11-01 12:20:09.666434
ILPT,0.05517404262375185,2022-11-01,REIT Industrial,2022-11-01 12:20:09.666434
PSA,0.0518709042942196,2022-11-01,REIT Industrial,2022-11-01 12:20:09.666434
IBM,0.3,2022-11-01,Cloud Database Management,2022-11-01 12:20:09.815428
ORCL,0.2663315700886444,2022-11-01,Cloud Database Management,2022-11-01 12:20:09.815428
SAP,0.2545376315232356,2022-11-01,Cloud Database Management,2022-11-01 12:20:09.815428
SNOW,0.09581114184681637,2022-11-01,Cloud Database Management,2022-11-01 12:20:09.815428
MDB,0.08331965654130365,2022-11-01,Cloud Database Management,2022-11-01 12:20:09.815428
IAC,0.3,2022-11-01,Social Media,2022-11-01 12:20:10.008879
BIDU,0.2325533479748415,2022-11-01,Social Media,2022-11-01 12:20:10.008879
MTCH,0.21340758446728583,2022-11-01,Social Media,2022-11-01 12:20:10.008879
PINS,0.14740103042558,2022-11-01,Social Media,2022-11-01 12:20:10.008879
SNAP,0.10663803713229272,2022-11-01,Social Media,2022-11-01 12:20:10.008879
CHRW,0.09553964852184531,2022-11-01,Logistics and Delivery,2022-11-01 12:20:13.548484
ATSG,0.0925483116842712,2022-11-01,Logistics and Delivery,2022-11-01 12:20:13.548484
LSTR,0.09103018441731023,2022-11-01,Logistics and Delivery,2022-11-01 12:20:13.548484
UPS,0.0903726027162548,2022-11-01,Logistics and Delivery,2022-11-01 12:20:13.548484
EXPD,0.0874401750110345,2022-11-01,Logistics and Delivery,2022-11-01 12:20:13.548484
JBHT,0.07969147696502345,2022-11-01,Logistics and Delivery,2022-11-01 12:20:13.548484
HUBG,0.07361794871316996,2022-11-01,Logistics and Delivery,2022-11-01 12:20:13.548484
FWRD,0.07095385473245443,2022-11-01,Logistics and Delivery,2022-11-01 12:20:13.548484
R,0.07088755586325231,2022-11-01,Logistics and Delivery,2022-11-01 12:20:13.548484
PBI,0.06838012026778628,2022-11-01,Logistics and Delivery,2022-11-01 12:20:13.548484
FDX,0.06558027811751478,2022-11-01,Logistics and Delivery,2022-11-01 12:20:13.548484
CYRX,0.06280938626370282,2022-11-01,Logistics and Delivery,2022-11-01 12:20:13.548484
XPO,0.05114845672637997,2022-11-01,Logistics and Delivery,2022-11-01 12:20:13.548484
PGR,0.11590795378443455,2022-11-01,Non-health Insurance,2022-11-01 12:20:19.664293
TRV,0.11212398103907434,2022-11-01,Non-health Insurance,2022-11-01 12:20:19.664293
ALL,0.10301559685363147,2022-11-01,Non-health Insurance,2022-11-01 12:20:19.664293
MET,0.10025075503496307,2022-11-01,Non-health Insurance,2022-11-01 12:20:19.664293
RGA,0.09687359356933116,2022-11-01,Non-health Insurance,2022-11-01 12:20:19.664293
GNW,0.09604024302744851,2022-11-01,Non-health Insurance,2022-11-01 12:20:19.664293
PRU,0.09329086637550872,2022-11-01,Non-health Insurance,2022-11-01 12:20:19.664293
AIG,0.08327424976245666,2022-11-01,Non-health Insurance,2022-11-01 12:20:19.664293
LNC,0.07123795968175532,2022-11-01,Non-health Insurance,2022-11-01 12:20:19.664293
BHF,0.06881126523057166,2022-11-01,Non-health Insurance,2022-11-01 12:20:19.664293
LMND,0.05917353564082446,2022-11-01,Non-health Insurance,2022-11-01 12:20:19.664293
VRE,0.0833058074420152,2022-11-01,REIT Residential,2022-11-01 12:20:23.876580
AIV,0.07875523090509796,2022-11-01,REIT Residential,2022-11-01 12:20:23.876580
INVH,0.07225461530946875,2022-11-01,REIT Residential,2022-11-01 12:20:23.876580
UMH,0.06740192624675174,2022-11-01,REIT Residential,2022-11-01 12:20:23.876580
AMH,0.06494148262822533,2022-11-01,REIT Residential,2022-11-01 12:20:23.876580
SUI,0.06415744668758773,2022-11-01,REIT Residential,2022-11-01 12:20:23.876580
EQR,0.061622327361490044,2022-11-01,REIT Residential,2022-11-01 12:20:23.876580
ELS,0.05992630245476072,2022-11-01,REIT Residential,2022-11-01 12:20:23.876580
UDR,0.05960101746545456,2022-11-01,REIT Residential,2022-11-01 12:20:23.876580
IRT,0.05892729814748509,2022-11-01,REIT Residential,2022-11-01 12:20:23.876580
AIRC,0.057931701718758034,2022-11-01,REIT Residential,2022-11-01 12:20:23.876580
NXRT,0.05735758161532464,2022-11-01,REIT Residential,2022-11-01 12:20:23.876580
ESS,0.05726023985332159,2022-11-01,REIT Residential,2022-11-01 12:20:23.876580
AVB,0.05725912597963006,2022-11-01,REIT Residential,2022-11-01 12:20:23.876580
MAA,0.05482831509549092,2022-11-01,REIT Residential,2022-11-01 12:20:23.876580
CPT,0.044469581089137664,2022-11-01,REIT Residential,2022-11-01 12:20:23.876580
KGC,0.13880405237240756,2022-11-01,Gold mining,2022-11-01 12:20:24.856664
NG,0.13698173155597965,2022-11-01,Gold mining,2022-11-01 12:20:24.856664
NEM,0.13048275523017047,2022-11-01,Gold mining,2022-11-01 12:20:24.856664
GOLD,0.12829154414002636,2022-11-01,Gold mining,2022-11-01 12:20:24.856664
SSRM,0.12739299152616276,2022-11-01,Gold mining,2022-11-01 12:20:24.856664
AUY,0.11953670017183848,2022-11-01,Gold mining,2022-11-01 12:20:24.856664
HL,0.1139923560726307,2022-11-01,Gold mining,2022-11-01 12:20:24.856664
CDE,0.10451786893078403,2022-11-01,Gold mining,2022-11-01 12:20:24.856664
FMC,0.16529227012136574,2022-11-01,Agricultural Inputs,2022-11-01 12:20:25.506441
CTVA,0.1511182174917103,2022-11-01,Agricultural Inputs,2022-11-01 12:20:25.506441
AVD,0.13998773881550094,2022-11-01,Agricultural Inputs,2022-11-01 12:20:25.506441
AGRO,0.135353472244979,2022-11-01,Agricultural Inputs,2022-11-01 12:20:25.506441
UAN,0.08939627241857803,2022-11-01,Agricultural Inputs,2022-11-01 12:20:25.506441
NTR,0.08926903597281254,2022-11-01,Agricultural Inputs,2022-11-01 12:20:25.506441
MOS,0.08427272488699301,2022-11-01,Agricultural Inputs,2022-11-01 12:20:25.506441
CF,0.08188245131716013,2022-11-01,Agricultural Inputs,2022-11-01 12:20:25.506441
IPI,0.06342781673090016,2022-11-01,Agricultural Inputs,2022-11-01 12:20:25.506441
CRM,0.3,2022-11-01,E-Commerce platforms,2022-11-01 12:20:25.608035
SAP,0.3,2022-11-01,E-Commerce platforms,2022-11-01 12:20:25.608035
VTEX,0.17179034886583863,2022-11-01,E-Commerce platforms,2022-11-01 12:20:25.608035
BIGC,0.12611238303102712,2022-11-01,E-Commerce platforms,2022-11-01 12:20:25.608035
SHOP,0.10209726810313437,2022-11-01,E-Commerce platforms,2022-11-01 12:20:25.608035
ALSN,0.12603604908626298,2022-11-01,Autoparts,2022-11-01 12:20:27.944331
PLOW,0.11602309420997782,2022-11-01,Autoparts,2022-11-01 12:20:27.944331
DORM,0.11284263343091032,2022-11-01,Autoparts,2022-11-01 12:20:27.944331
MNRO,0.07078515784575984,2022-11-01,Autoparts,2022-11-01 12:20:27.944331
GNTX,0.06056686750016413,2022-11-01,Autoparts,2022-11-01 12:20:27.944331
TEN,0.060288022193884336,2022-11-01,Autoparts,2022-11-01 12:20:27.944331
LKQ,0.053974248267842154,2022-11-01,Autoparts,2022-11-01 12:20:27.944331
BWA,0.041432442507416276,2022-11-01,Autoparts,2022-11-01 12:20:27.944331
HYLN,0.038657434452192475,2022-11-01,Autoparts,2022-11-01 12:20:27.944331
XPEL,0.03731806495517723,2022-11-01,Autoparts,2022-11-01 12:20:27.944331
THRM,0.033864001542084146,2022-11-01,Autoparts,2022-11-01 12:20:27.944331
LEA,0.03254337869326529,2022-11-01,Autoparts,2022-11-01 12:20:27.944331
MOD,0.032282022914959026,2022-11-01,Autoparts,2022-11-01 12:20:27.944331
VC,0.03183121091119448,2022-11-01,Autoparts,2022-11-01 12:20:27.944331
APTV,0.025671058536474323,2022-11-01,Autoparts,2022-11-01 12:20:27.944331
DAN,0.024450050999246003,2022-11-01,Autoparts,2022-11-01 12:20:27.944331
GT,0.022188064369979374,2022-11-01,Autoparts,2022-11-01 12:20:27.944331
AEVA,0.02163212546511434,2022-11-01,Autoparts,2022-11-01 12:20:27.944331
AXL,0.02149014282598496,2022-11-01,Autoparts,2022-11-01 12:20:27.944331
ADNT,0.018811235700006305,2022-11-01,Autoparts,2022-11-01 12:20:27.944331
QS,0.017312693592104227,2022-11-01,Autoparts,2022-11-01 12:20:27.944331
BKNG,0.18727636709237785,2022-11-01,Travel Technology,2022-11-01 12:20:29.551699
TRIP,0.16447320921390948,2022-11-01,Travel Technology,2022-11-01 12:20:29.551699
MMYT,0.16004856985613206,2022-11-01,Travel Technology,2022-11-01 12:20:29.551699
EXPE,0.15566613261791348,2022-11-01,Travel Technology,2022-11-01 12:20:29.551699
TCOM,0.14866412954895963,2022-11-01,Travel Technology,2022-11-01 12:20:29.551699
ABNB,0.11123761824239406,2022-11-01,Travel Technology,2022-11-01 12:20:29.551699
SOND,0.07263397342831344,2022-11-01,Travel Technology,2022-11-01 12:20:29.551699
PYPL,0.5466565652782619,2022-11-01,Ukrainian led companies,2022-11-01 12:20:29.615825
GTLB,0.258671070663489,2022-11-01,Ukrainian led companies,2022-11-01 12:20:29.615825
AFRM,0.19467236405824911,2022-11-01,Ukrainian led companies,2022-11-01 12:20:29.615825
CRON,0.3,2022-11-01,Cannabis,2022-11-01 12:20:29.733371
TLRY,0.25647377045188896,2022-11-01,Cannabis,2022-11-01 12:20:29.733371
ACB,0.24227284955604925,2022-11-01,Cannabis,2022-11-01 12:20:29.733371
CGC,0.20125337999206178,2022-11-01,Cannabis,2022-11-01 12:20:29.733371
OXM,0.1162640400864807,2022-11-01,Apparel Manufacturing and Retail,2022-11-01 12:20:32.472844
VFC,0.1109937617221163,2022-11-01,Apparel Manufacturing and Retail,2022-11-01 12:20:32.472844
COLM,0.1058601781041516,2022-11-01,Apparel Manufacturing and Retail,2022-11-01 12:20:32.472844
HBI,0.08962521915257764,2022-11-01,Apparel Manufacturing and Retail,2022-11-01 12:20:32.472844
NKE,0.07472947773926238,2022-11-01,Apparel Manufacturing and Retail,2022-11-01 12:20:32.472844
KTB,0.07370419983528763,2022-11-01,Apparel Manufacturing and Retail,2022-11-01 12:20:32.472844
RL,0.06429072282744391,2022-11-01,Apparel Manufacturing and Retail,2022-11-01 12:20:32.472844
SKX,0.0626526489563543,2022-11-01,Apparel Manufacturing and Retail,2022-11-01 12:20:32.472844
LULU,0.05515286482268052,2022-11-01,Apparel Manufacturing and Retail,2022-11-01 12:20:32.472844
GPS,0.046876121923636375,2022-11-01,Apparel Manufacturing and Retail,2022-11-01 12:20:32.472844
GIII,0.04387834964312191,2022-11-01,Apparel Manufacturing and Retail,2022-11-01 12:20:32.472844
CPRI,0.03410820046972313,2022-11-01,Apparel Manufacturing and Retail,2022-11-01 12:20:32.472844
PVH,0.03409440039555085,2022-11-01,Apparel Manufacturing and Retail,2022-11-01 12:20:32.472844
JWN,0.03281068038223301,2022-11-01,Apparel Manufacturing and Retail,2022-11-01 12:20:32.472844
UA,0.03221808120042529,2022-11-01,Apparel Manufacturing and Retail,2022-11-01 12:20:32.472844
FIGS,0.0227410527389544,2022-11-01,Apparel Manufacturing and Retail,2022-11-01 12:20:32.472844
HON,0.1577891470232172,2022-11-01,Internet of things,2022-11-01 12:20:34.800412
FTDR,0.13429238167529242,2022-11-01,Internet of things,2022-11-01 12:20:34.800412
BMI,0.11853462498090585,2022-11-01,Internet of things,2022-11-01 12:20:34.800412
ALRM,0.11240420506975088,2022-11-01,Internet of things,2022-11-01 12:20:34.800412
ROK,0.10029197260586947,2022-11-01,Internet of things,2022-11-01 12:20:34.800412
REZI,0.07350713293720242,2022-11-01,Internet of things,2022-11-01 12:20:34.800412
SLAB,0.06988516336216807,2022-11-01,Internet of things,2022-11-01 12:20:34.800412
TRMB,0.06747672478160356,2022-11-01,Internet of things,2022-11-01 12:20:34.800412
ITRI,0.06387726928227769,2022-11-01,Internet of things,2022-11-01 12:20:34.800412
ZBRA,0.06297340346697955,2022-11-01,Internet of things,2022-11-01 12:20:34.800412
IOT,0.038967974814732895,2022-11-01,Internet of things,2022-11-01 12:20:34.800412
TM,0.20253292874778328,2022-11-01,Automotive manufacturing,2022-11-01 12:20:36.901479
HMC,0.1944796889646752,2022-11-01,Automotive manufacturing,2022-11-01 12:20:36.901479
RACE,0.14663570356736963,2022-11-01,Automotive manufacturing,2022-11-01 12:20:36.901479
TTM,0.12903919199302855,2022-11-01,Automotive manufacturing,2022-11-01 12:20:36.901479
THO,0.11978662595536366,2022-11-01,Automotive manufacturing,2022-11-01 12:20:36.901479
GM,0.10533116654474657,2022-11-01,Automotive manufacturing,2022-11-01 12:20:36.901479
F,0.1021946942270332,2022-11-01,Automotive manufacturing,2022-11-01 12:20:36.901479
FMC,0.3,2022-11-01,Lithium mining,2022-11-01 12:20:37.540281
SQM,0.2220518688769939,2022-11-01,Lithium mining,2022-11-01 12:20:37.540281
ALB,0.20907522721954544,2022-11-01,Lithium mining,2022-11-01 12:20:37.540281
LTHM,0.13704260551124187,2022-11-01,Lithium mining,2022-11-01 12:20:37.540281
LAC,0.1318302983922187,2022-11-01,Lithium mining,2022-11-01 12:20:37.540281
ACEL,0.15656547480053745,2022-11-01,Gambling and betting,2022-11-01 12:20:39.866958
MCRI,0.10705902245853093,2022-11-01,Gambling and betting,2022-11-01 12:20:39.866958
BYD,0.09086062639599544,2022-11-01,Gambling and betting,2022-11-01 12:20:39.866958
CHDN,0.07567016810073915,2022-11-01,Gambling and betting,2022-11-01 12:20:39.866958
RRR,0.071284461741686,2022-11-01,Gambling and betting,2022-11-01 12:20:39.866958
EVRI,0.06708403822879656,2022-11-01,Gambling and betting,2022-11-01 12:20:39.866958
LVS,0.06684601188438376,2022-11-01,Gambling and betting,2022-11-01 12:20:39.866958
GDEN,0.06211548438895342,2022-11-01,Gambling and betting,2022-11-01 12:20:39.866958
BALY,0.059124497074789846,2022-11-01,Gambling and betting,2022-11-01 12:20:39.866958
MGM,0.04952063971429638,2022-11-01,Gambling and betting,2022-11-01 12:20:39.866958
WYNN,0.048060931722290395,2022-11-01,Gambling and betting,2022-11-01 12:20:39.866958
MLCO,0.03555166629388247,2022-11-01,Gambling and betting,2022-11-01 12:20:39.866958
PENN,0.03374940429463286,2022-11-01,Gambling and betting,2022-11-01 12:20:39.866958
IGT,0.025878347164861825,2022-11-01,Gambling and betting,2022-11-01 12:20:39.866958
RSI,0.024519946339553393,2022-11-01,Gambling and betting,2022-11-01 12:20:39.866958
CZR,0.014072776883780783,2022-11-01,Gambling and betting,2022-11-01 12:20:39.866958
DKNG,0.012036502512289184,2022-11-01,Gambling and betting,2022-11-01 12:20:39.866958
DDD,0.3,2022-11-01,3D printing,2022-11-01 12:20:40.201268
SSYS,0.29999999999999993,2022-11-01,3D printing,2022-11-01 12:20:40.201268
DM,0.20469854522172776,2022-11-01,3D printing,2022-11-01 12:20:40.201268
VLD,0.19530145477827224,2022-11-01,3D printing,2022-11-01 12:20:40.201268
BLNK,0.2881186740372597,2022-11-01,Electric vehicles charging,2022-11-01 12:20:40.291786
EVGO,0.2783992891929089,2022-11-01,Electric vehicles charging,2022-11-01 12:20:40.291786
CHPT,0.23787576451933345,2022-11-01,Electric vehicles charging,2022-11-01 12:20:40.291786
VLTA,0.195606272250498,2022-11-01,Electric vehicles charging,2022-11-01 12:20:40.291786
COST,0.10337099328299747,2022-11-01,Inflation Proof,2022-11-01 12:20:44.623198
BAC,0.08286271324313381,2022-11-01,Inflation Proof,2022-11-01 12:20:44.623198
PLD,0.08270422151213866,2022-11-01,Inflation Proof,2022-11-01 12:20:44.623198
JPM,0.07624906896050644,2022-11-01,Inflation Proof,2022-11-01 12:20:44.623198
NEE,0.07280982249265883,2022-11-01,Inflation Proof,2022-11-01 12:20:44.623198
MMC,0.07205061590036524,2022-11-01,Inflation Proof,2022-11-01 12:20:44.623198
AON,0.07032570478636034,2022-11-01,Inflation Proof,2022-11-01 12:20:44.623198
AMT,0.06424826310960557,2022-11-01,Inflation Proof,2022-11-01 12:20:44.623198
CCI,0.056752088846733495,2022-11-01,Inflation Proof,2022-11-01 12:20:44.623198
COP,0.056019413812830245,2022-11-01,Inflation Proof,2022-11-01 12:20:44.623198
TTE,0.05475590532603399,2022-11-01,Inflation Proof,2022-11-01 12:20:44.623198
CVX,0.039827591979183646,2022-11-01,Inflation Proof,2022-11-01 12:20:44.623198
CB,0.038124275892788606,2022-11-01,Inflation Proof,2022-11-01 12:20:44.623198
SHEL,0.031223543724821858,2022-11-01,Inflation Proof,2022-11-01 12:20:44.623198
XOM,0.02957343821666818,2022-11-01,Inflation Proof,2022-11-01 12:20:44.623198
PGR,0.029102338913173733,2022-11-01,Inflation Proof,2022-11-01 12:20:44.623198
D,0.01,2022-11-01,Inflation Proof,2022-11-01 12:20:44.623198
DUK,0.01,2022-11-01,Inflation Proof,2022-11-01 12:20:44.623198
SO,0.01,2022-11-01,Inflation Proof,2022-11-01 12:20:44.623198
WMT,0.01,2022-11-01,Inflation Proof,2022-11-01 12:20:44.623198
RUSHA,0.1528787969997544,2022-11-01,Car sales,2022-11-01 12:20:46.268120
CPRT,0.11489268846428809,2022-11-01,Car sales,2022-11-01 12:20:46.268120
IAA,0.0972227302891252,2022-11-01,Car sales,2022-11-01 12:20:46.268120
CARS,0.0846526231878387,2022-11-01,Car sales,2022-11-01 12:20:46.268120
AN,0.07864413593187917,2022-11-01,Car sales,2022-11-01 12:20:46.268120
LAD,0.07478434836885205,2022-11-01,Car sales,2022-11-01 12:20:46.268120
PAG,0.07135548398333146,2022-11-01,Car sales,2022-11-01 12:20:46.268120
GPI,0.07088350482464052,2022-11-01,Car sales,2022-11-01 12:20:46.268120
ABG,0.06611853931480755,2022-11-01,Car sales,2022-11-01 12:20:46.268120
CWH,0.06512397579898546,2022-11-01,Car sales,2022-11-01 12:20:46.268120
SAH,0.06323166958113104,2022-11-01,Car sales,2022-11-01 12:20:46.268120
KMX,0.06021150325536641,2022-11-01,Car sales,2022-11-01 12:20:46.268120
VMW,0.3,2022-11-01,IT Infrastructure Monitoring Tools,2022-11-01 12:20:46.624364
SWI,0.24450497808704744,2022-11-01,IT Infrastructure Monitoring Tools,2022-11-01 12:20:46.624364
NEWR,0.17277583003556676,2022-11-01,IT Infrastructure Monitoring Tools,2022-11-01 12:20:46.624364
DT,0.16817233391270067,2022-11-01,IT Infrastructure Monitoring Tools,2022-11-01 12:20:46.624364
DDOG,0.11454685796468522,2022-11-01,IT Infrastructure Monitoring Tools,2022-11-01 12:20:46.624364
AZN,0.2487916769033284,2022-11-01,Vaccines companies,2022-11-01 12:20:48.982530
PFE,0.24363470698415143,2022-11-01,Vaccines companies,2022-11-01 12:20:48.982530
JNJ,0.2303271587009717,2022-11-01,Vaccines companies,2022-11-01 12:20:48.982530
BNTX,0.10517944143535586,2022-11-01,Vaccines companies,2022-11-01 12:20:48.982530
MRNA,0.10121088682858659,2022-11-01,Vaccines companies,2022-11-01 12:20:48.982530
NVAX,0.07085612914760606,2022-11-01,Vaccines companies,2022-11-01 12:20:48.982530
MSGS,0.11570160773973917,2022-11-01,"Movies, Music and Entertainment",2022-11-01 12:20:50.523536
WWE,0.11121303129842103,2022-11-01,"Movies, Music and Entertainment",2022-11-01 12:20:50.523536
MANU,0.10697403039442555,2022-11-01,"Movies, Music and Entertainment",2022-11-01 12:20:50.523536
FWONA,0.09804150954503359,2022-11-01,"Movies, Music and Entertainment",2022-11-01 12:20:50.523536
DIS,0.06852292167989193,2022-11-01,"Movies, Music and Entertainment",2022-11-01 12:20:50.523536
WMG,0.05608855631361013,2022-11-01,"Movies, Music and Entertainment",2022-11-01 12:20:50.523536
LGF-A,0.05598567038915561,2022-11-01,"Movies, Music and Entertainment",2022-11-01 12:20:50.523536
IMAX,0.05317906157699311,2022-11-01,"Movies, Music and Entertainment",2022-11-01 12:20:50.523536
LYV,0.05209004564023849,2022-11-01,"Movies, Music and Entertainment",2022-11-01 12:20:50.523536
WBD,0.048665644676956075,2022-11-01,"Movies, Music and Entertainment",2022-11-01 12:20:50.523536
CNK,0.04602782421842447,2022-11-01,"Movies, Music and Entertainment",2022-11-01 12:20:50.523536
NFLX,0.03985758956255674,2022-11-01,"Movies, Music and Entertainment",2022-11-01 12:20:50.523536
TME,0.0373768226093496,2022-11-01,"Movies, Music and Entertainment",2022-11-01 12:20:50.523536
SPOT,0.034869556035005654,2022-11-01,"Movies, Music and Entertainment",2022-11-01 12:20:50.523536
AMC,0.02576721853558929,2022-11-01,"Movies, Music and Entertainment",2022-11-01 12:20:50.523536
ROKU,0.02562627257162719,2022-11-01,"Movies, Music and Entertainment",2022-11-01 12:20:50.523536
IQ,0.02401263721298235,2022-11-01,"Movies, Music and Entertainment",2022-11-01 12:20:50.523536
SWCH,0.1244085872311621,2022-11-01,Internet Infrastructure,2022-11-01 12:20:51.503728
NTCT,0.07254274344866654,2022-11-01,Internet Infrastructure,2022-11-01 12:20:51.503728
CSCO,0.07037787350209408,2022-11-01,Internet Infrastructure,2022-11-01 12:20:51.503728
AKAM,0.06800172873278072,2022-11-01,Internet Infrastructure,2022-11-01 12:20:51.503728
JNPR,0.058724376888516394,2022-11-01,Internet Infrastructure,2022-11-01 12:20:51.503728
RDWR,0.05537252682195607,2022-11-01,Internet Infrastructure,2022-11-01 12:20:51.503728
VIAV,0.052872967279161416,2022-11-01,Internet Infrastructure,2022-11-01 12:20:51.503728
VRSN,0.050316924482338966,2022-11-01,Internet Infrastructure,2022-11-01 12:20:51.503728
NTGR,0.04919583125629211,2022-11-01,Internet Infrastructure,2022-11-01 12:20:51.503728
GDDY,0.0490882163766461,2022-11-01,Internet Infrastructure,2022-11-01 12:20:51.503728
FFIV,0.046994223184216415,2022-11-01,Internet Infrastructure,2022-11-01 12:20:51.503728
UI,0.04330668992199545,2022-11-01,Internet Infrastructure,2022-11-01 12:20:51.503728
LITE,0.041735096006416346,2022-11-01,Internet Infrastructure,2022-11-01 12:20:51.503728
CIEN,0.041391353904533676,2022-11-01,Internet Infrastructure,2022-11-01 12:20:51.503728
ATEN,0.04119769091349789,2022-11-01,Internet Infrastructure,2022-11-01 12:20:51.503728
ANET,0.036986818677471715,2022-11-01,Internet Infrastructure,2022-11-01 12:20:51.503728
FTNT,0.031917599654349496,2022-11-01,Internet Infrastructure,2022-11-01 12:20:51.503728
RXT,0.025038319881989346,2022-11-01,Internet Infrastructure,2022-11-01 12:20:51.503728
GDS,0.022894224029597912,2022-11-01,Internet Infrastructure,2022-11-01 12:20:51.503728
NET,0.017636207806317257,2022-11-01,Internet Infrastructure,2022-11-01 12:20:51.503728
VMC,0.06396368781858669,2022-11-01,Construction materials,2022-11-01 12:20:56.639703
CSL,0.06183230035068206,2022-11-01,Construction materials,2022-11-01 12:20:56.639703
AAON,0.06178420254058747,2022-11-01,Construction materials,2022-11-01 12:20:56.639703
MLM,0.061521475218722095,2022-11-01,Construction materials,2022-11-01 12:20:56.639703
AWI,0.05699439296586022,2022-11-01,Construction materials,2022-11-01 12:20:56.639703
EXP,0.0469220761556225,2022-11-01,Construction materials,2022-11-01 12:20:56.639703
BECN,0.04394630050001958,2022-11-01,Construction materials,2022-11-01 12:20:56.639703
NX,0.04392618444102632,2022-11-01,Construction materials,2022-11-01 12:20:56.639703
SUM,0.040726957411549386,2022-11-01,Construction materials,2022-11-01 12:20:56.639703
MAS,0.040096074194145,2022-11-01,Construction materials,2022-11-01 12:20:56.639703
SSD,0.03913822095488519,2022-11-01,Construction materials,2022-11-01 12:20:56.639703
PGTI,0.03848295722008183,2022-11-01,Construction materials,2022-11-01 12:20:56.639703
APOG,0.03838373148388155,2022-11-01,Construction materials,2022-11-01 12:20:56.639703
CARR,0.03740414305520692,2022-11-01,Construction materials,2022-11-01 12:20:56.639703
IBP,0.037127978260737556,2022-11-01,Construction materials,2022-11-01 12:20:56.639703
BLD,0.031617563740709516,2022-11-01,Construction materials,2022-11-01 12:20:56.639703
LPX,0.030260890842359545,2022-11-01,Construction materials,2022-11-01 12:20:56.639703
DOOR,0.025204895457391574,2022-11-01,Construction materials,2022-11-01 12:20:56.639703
ROCK,0.024627083432451957,2022-11-01,Construction materials,2022-11-01 12:20:56.639703
TGLS,0.023832102089017752,2022-11-01,Construction materials,2022-11-01 12:20:56.639703
OC,0.023382541018325126,2022-11-01,Construction materials,2022-11-01 12:20:56.639703
GMS,0.02111243797142664,2022-11-01,Construction materials,2022-11-01 12:20:56.639703
WMS,0.019932606880910097,2022-11-01,Construction materials,2022-11-01 12:20:56.639703
JELD,0.01719612755574641,2022-11-01,Construction materials,2022-11-01 12:20:56.639703
BLDR,0.014369916770857813,2022-11-01,Construction materials,2022-11-01 12:20:56.639703
ASPN,0.01388443126129186,2022-11-01,Construction materials,2022-11-01 12:20:56.639703
SWIM,0.012328720407917207,2022-11-01,Construction materials,2022-11-01 12:20:56.639703
BXC,0.01,2022-11-01,Construction materials,2022-11-01 12:20:56.639703
AZEK,0.01,2022-11-01,Construction materials,2022-11-01 12:20:56.639703
TREX,0.01,2022-11-01,Construction materials,2022-11-01 12:20:56.639703
PPC,0.22319737278141824,2022-11-01,Farming companies,2022-11-01 12:20:58.422835
LAND,0.2140105170527928,2022-11-01,Farming companies,2022-11-01 12:20:58.422835
BG,0.1913737746563227,2022-11-01,Farming companies,2022-11-01 12:20:58.422835
CALM,0.19046505118390547,2022-11-01,Farming companies,2022-11-01 12:20:58.422835
CVGW,0.1809532843255608,2022-11-01,Farming companies,2022-11-01 12:20:58.422835
SXC,0.22025293160211204,2022-11-01,Coal mining,2022-11-01 12:21:00.147676
ARLP,0.17851587072529046,2022-11-01,Coal mining,2022-11-01 12:21:00.147676
HCC,0.15495274706692347,2022-11-01,Coal mining,2022-11-01 12:21:00.147676
CEIX,0.12300922732826139,2022-11-01,Coal mining,2022-11-01 12:21:00.147676
ARCH,0.11982512262475423,2022-11-01,Coal mining,2022-11-01 12:21:00.147676
METC,0.11008072702726052,2022-11-01,Coal mining,2022-11-01 12:21:00.147676
BTU,0.09336337362539797,2022-11-01,Coal mining,2022-11-01 12:21:00.147676
LEN-B,0.0947300047349391,2022-11-01,Residential Construction,2022-11-01 12:21:06.556397
MDC,0.07457866753818482,2022-11-01,Residential Construction,2022-11-01 12:21:06.556397
MTH,0.07138659743033342,2022-11-01,Residential Construction,2022-11-01 12:21:06.556397
PHM,0.07005368511578822,2022-11-01,Residential Construction,2022-11-01 12:21:06.556397
TPH,0.06888350402037102,2022-11-01,Residential Construction,2022-11-01 12:21:06.556397
DHI,0.06868393468841506,2022-11-01,Residential Construction,2022-11-01 12:21:06.556397
LEN,0.06781831188589658,2022-11-01,Residential Construction,2022-11-01 12:21:06.556397
TOL,0.06685292599197222,2022-11-01,Residential Construction,2022-11-01 12:21:06.556397
MHO,0.06590702966507363,2022-11-01,Residential Construction,2022-11-01 12:21:06.556397
KBH,0.06259593299050824,2022-11-01,Residential Construction,2022-11-01 12:21:06.556397
LGIH,0.05617369168629873,2022-11-01,Residential Construction,2022-11-01 12:21:06.556397
GRBK,0.051405060907737575,2022-11-01,Residential Construction,2022-11-01 12:21:06.556397
TMHC,0.051363396677329407,2022-11-01,Residential Construction,2022-11-01 12:21:06.556397
CCS,0.04809492582050061,2022-11-01,Residential Construction,2022-11-01 12:21:06.556397
SKY,0.04174769063892416,2022-11-01,Residential Construction,2022-11-01 12:21:06.556397
BZH,0.03972464020772729,2022-11-01,Residential Construction,2022-11-01 12:21:06.556397
HNI,0.21591625873268894,2022-11-01,Furniture and decor,2022-11-01 12:21:09.057635
LEG,0.19271087978971876,2022-11-01,Furniture and decor,2022-11-01 12:21:09.057635
LZB,0.1440867520920434,2022-11-01,Furniture and decor,2022-11-01 12:21:09.057635
AMWD,0.13318054695739326,2022-11-01,Furniture and decor,2022-11-01 12:21:09.057635
WSM,0.08776893388709808,2022-11-01,Furniture and decor,2022-11-01 12:21:09.057635
SNBR,0.0768491644888708,2022-11-01,Furniture and decor,2022-11-01 12:21:09.057635
RH,0.07095806221822759,2022-11-01,Furniture and decor,2022-11-01 12:21:09.057635
BBBY,0.04567788990120416,2022-11-01,Furniture and decor,2022-11-01 12:21:09.057635
W,0.03285151193275491,2022-11-01,Furniture and decor,2022-11-01 12:21:09.057635
RSG,0.18804077105136088,2022-11-01,Waste management,2022-11-01 12:21:10.799126
SRCL,0.18429937787345763,2022-11-01,Waste management,2022-11-01 12:21:10.799126
CWST,0.17746209565663612,2022-11-01,Waste management,2022-11-01 12:21:10.799126
CLH,0.17181169247627798,2022-11-01,Waste management,2022-11-01 12:21:10.799126
WM,0.16906021538090324,2022-11-01,Waste management,2022-11-01 12:21:10.799126
HSC,0.10932584756136421,2022-11-01,Waste management,2022-11-01 12:21:10.799126
LUV,0.1456833335016988,2022-11-01,Airlines,2022-11-01 12:21:12.358539
RYAAY,0.13251711408311553,2022-11-01,Airlines,2022-11-01 12:21:12.358539
SAVE,0.10995993566535951,2022-11-01,Airlines,2022-11-01 12:21:12.358539
ALK,0.10837535219735467,2022-11-01,Airlines,2022-11-01 12:21:12.358539
SKYW,0.10140033974513876,2022-11-01,Airlines,2022-11-01 12:21:12.358539
DAL,0.08282377443614777,2022-11-01,Airlines,2022-11-01 12:21:12.358539
JBLU,0.07182202874773172,2022-11-01,Airlines,2022-11-01 12:21:12.358539
HA,0.0650914461728837,2022-11-01,Airlines,2022-11-01 12:21:12.358539
ULCC,0.06264160663487894,2022-11-01,Airlines,2022-11-01 12:21:12.358539
UAL,0.06163606338043863,2022-11-01,Airlines,2022-11-01 12:21:12.358539
AAL,0.05804900543525205,2022-11-01,Airlines,2022-11-01 12:21:12.358539
JCI,0.139450368377241,2022-11-01,Government and Commercial Construction,2022-11-01 12:21:15.635608
AGX,0.10367153611413064,2022-11-01,Government and Commercial Construction,2022-11-01 12:21:15.635608
STRL,0.09849046431266832,2022-11-01,Government and Commercial Construction,2022-11-01 12:21:15.635608
GVA,0.09794630925615695,2022-11-01,Government and Commercial Construction,2022-11-01 12:21:15.635608
MTZ,0.09741892043224497,2022-11-01,Government and Commercial Construction,2022-11-01 12:21:15.635608
ROAD,0.09619320398866395,2022-11-01,Government and Commercial Construction,2022-11-01 12:21:15.635608
GLDD,0.09571386277502895,2022-11-01,Government and Commercial Construction,2022-11-01 12:21:15.635608
TPC,0.09285346864463505,2022-11-01,Government and Commercial Construction,2022-11-01 12:21:15.635608
PRIM,0.08939913217168928,2022-11-01,Government and Commercial Construction,2022-11-01 12:21:15.635608
FLR,0.08886273392754093,2022-11-01,Government and Commercial Construction,2022-11-01 12:21:15.635608
ROG,0.27091811659059506,2022-11-01,Advanced Materials,2022-11-01 12:21:16.537438
HXL,0.19046527086591103,2022-11-01,Advanced Materials,2022-11-01 12:21:16.537438
HUN,0.17328797519999734,2022-11-01,Advanced Materials,2022-11-01 12:21:16.537438
AVNT,0.13893049241859118,2022-11-01,Advanced Materials,2022-11-01 12:21:16.537438
TSE,0.12386753416440104,2022-11-01,Advanced Materials,2022-11-01 12:21:16.537438
PCT,0.10253061076050433,2022-11-01,Advanced Materials,2022-11-01 12:21:16.537438
PCG,0.11977600555568758,2022-11-01,Power & Gas Utilities,2022-11-01 12:21:20.200389
NEE,0.09630802769407333,2022-11-01,Power & Gas Utilities,2022-11-01 12:21:20.200389
VST,0.09124572859722009,2022-11-01,Power & Gas Utilities,2022-11-01 12:21:20.200389
NRG,0.0812824890158551,2022-11-01,Power & Gas Utilities,2022-11-01 12:21:20.200389
PPL,0.07279235089704596,2022-11-01,Power & Gas Utilities,2022-11-01 12:21:20.200389
EIX,0.06440753611797789,2022-11-01,Power & Gas Utilities,2022-11-01 12:21:20.200389
CNP,0.05693556430299694,2022-11-01,Power & Gas Utilities,2022-11-01 12:21:20.200389
OGE,0.040028526363199556,2022-11-01,Power & Gas Utilities,2022-11-01 12:21:20.200389
AEP,0.036312376692530034,2022-11-01,Power & Gas Utilities,2022-11-01 12:21:20.200389
ETR,0.03420910259545909,2022-11-01,Power & Gas Utilities,2022-11-01 12:21:20.200389
EVRG,0.03337269705185869,2022-11-01,Power & Gas Utilities,2022-11-01 12:21:20.200389
LNT,0.030832312358271434,2022-11-01,Power & Gas Utilities,2022-11-01 12:21:20.200389
XEL,0.028699053513051253,2022-11-01,Power & Gas Utilities,2022-11-01 12:21:20.200389
PNW,0.026437723091780815,2022-11-01,Power & Gas Utilities,2022-11-01 12:21:20.200389
AEE,0.021606086956385682,2022-11-01,Power & Gas Utilities,2022-11-01 12:21:20.200389
ES,0.021173565117468023,2022-11-01,Power & Gas Utilities,2022-11-01 12:21:20.200389
FE,0.02095201384237418,2022-11-01,Power & Gas Utilities,2022-11-01 12:21:20.200389
DTE,0.020364652932031282,2022-11-01,Power & Gas Utilities,2022-11-01 12:21:20.200389
IDA,0.012125269120111044,2022-11-01,Power & Gas Utilities,2022-11-01 12:21:20.200389
POR,0.01084764213898431,2022-11-01,Power & Gas Utilities,2022-11-01 12:21:20.200389
SO,0.010291276045637836,2022-11-01,Power & Gas Utilities,2022-11-01 12:21:20.200389
CMS,0.010000000000000002,2022-11-01,Power & Gas Utilities,2022-11-01 12:21:20.200389
ED,0.01,2022-11-01,Power & Gas Utilities,2022-11-01 12:21:20.200389
DUK,0.01,2022-11-01,Power & Gas Utilities,2022-11-01 12:21:20.200389
PNM,0.01,2022-11-01,Power & Gas Utilities,2022-11-01 12:21:20.200389
D,0.01,2022-11-01,Power & Gas Utilities,2022-11-01 12:21:20.200389
AGR,0.01,2022-11-01,Power & Gas Utilities,2022-11-01 12:21:20.200389
WEC,0.01,2022-11-01,Power & Gas Utilities,2022-11-01 12:21:20.200389
SYK,0.08602825392317552,2022-11-01,Healthcare,2022-11-01 12:21:21.229865
ZTS,0.08572805363867665,2022-11-01,Healthcare,2022-11-01 12:21:21.229865
ISRG,0.08456979859456303,2022-11-01,Healthcare,2022-11-01 12:21:21.229865
TMO,0.08455835290904962,2022-11-01,Healthcare,2022-11-01 12:21:21.229865
ABT,0.08334490169995278,2022-11-01,Healthcare,2022-11-01 12:21:21.229865
DHR,0.08243911372762644,2022-11-01,Healthcare,2022-11-01 12:21:21.229865
CI,0.06685121425063788,2022-11-01,Healthcare,2022-11-01 12:21:21.229865
CVS,0.06603698841616293,2022-11-01,Healthcare,2022-11-01 12:21:21.229865
MDT,0.0626967887329358,2022-11-01,Healthcare,2022-11-01 12:21:21.229865
UNH,0.05809168868426488,2022-11-01,Healthcare,2022-11-01 12:21:21.229865
LLY,0.055254630979240243,2022-11-01,Healthcare,2022-11-01 12:21:21.229865
PFE,0.05008064115526156,2022-11-01,Healthcare,2022-11-01 12:21:21.229865
GILD,0.04879780942098731,2022-11-01,Healthcare,2022-11-01 12:21:21.229865
BDX,0.035521763867465375,2022-11-01,Healthcare,2022-11-01 12:21:21.229865
BMY,0.010000000000000005,2022-11-01,Healthcare,2022-11-01 12:21:21.229865
AMGN,0.010000000000000002,2022-11-01,Healthcare,2022-11-01 12:21:21.229865
JNJ,0.01,2022-11-01,Healthcare,2022-11-01 12:21:21.229865
MRK,0.01,2022-11-01,Healthcare,2022-11-01 12:21:21.229865
ABBV,0.01,2022-11-01,Healthcare,2022-11-01 12:21:21.229865
HTLD,0.1531934713129738,2022-11-01,Trucking and transportation,2022-11-01 12:21:22.880507
WERN,0.13571371504829383,2022-11-01,Trucking and transportation,2022-11-01 12:21:22.880507
SNDR,0.12370064785411458,2022-11-01,Trucking and transportation,2022-11-01 12:21:22.880507
KNX,0.11772106309260671,2022-11-01,Trucking and transportation,2022-11-01 12:21:22.880507
MRTN,0.11361525548018495,2022-11-01,Trucking and transportation,2022-11-01 12:21:22.880507
ODFL,0.08993088121629758,2022-11-01,Trucking and transportation,2022-11-01 12:21:22.880507
ARCB,0.07481367475499605,2022-11-01,Trucking and transportation,2022-11-01 12:21:22.880507
SAIA,0.07219942651858596,2022-11-01,Trucking and transportation,2022-11-01 12:21:22.880507
DSKE,0.07204352352022743,2022-11-01,Trucking and transportation,2022-11-01 12:21:22.880507
YELL,0.047068341201719086,2022-11-01,Trucking and transportation,2022-11-01 12:21:22.880507
TXN,0.1259667124905304,2022-11-01,Semiconductors,2022-11-01 12:21:25.701803
TSM,0.11868339493487304,2022-11-01,Semiconductors,2022-11-01 12:21:25.701803
INTC,0.09821954070121797,2022-11-01,Semiconductors,2022-11-01 12:21:25.701803
AVGO,0.0850380352256374,2022-11-01,Semiconductors,2022-11-01 12:21:25.701803
ADI,0.08199338184456022,2022-11-01,Semiconductors,2022-11-01 12:21:25.701803
ASX,0.06071196430929311,2022-11-01,Semiconductors,2022-11-01 12:21:25.701803
UMC,0.0606305561697178,2022-11-01,Semiconductors,2022-11-01 12:21:25.701803
SWKS,0.0504813306903364,2022-11-01,Semiconductors,2022-11-01 12:21:25.701803
QCOM,0.04721479723755656,2022-11-01,Semiconductors,2022-11-01 12:21:25.701803
NXPI,0.046968788200791554,2022-11-01,Semiconductors,2022-11-01 12:21:25.701803
QRVO,0.046094993783470886,2022-11-01,Semiconductors,2022-11-01 12:21:25.701803
MU,0.04475271362893398,2022-11-01,Semiconductors,2022-11-01 12:21:25.701803
MCHP,0.03858923844552288,2022-11-01,Semiconductors,2022-11-01 12:21:25.701803
STM,0.03215940587276565,2022-11-01,Semiconductors,2022-11-01 12:21:25.701803
ON,0.012495146464792193,2022-11-01,Semiconductors,2022-11-01 12:21:25.701803
AMD,0.01,2022-11-01,Semiconductors,2022-11-01 12:21:25.701803
NVDA,0.01,2022-11-01,Semiconductors,2022-11-01 12:21:25.701803
MRVL,0.01,2022-11-01,Semiconductors,2022-11-01 12:21:25.701803
MPWR,0.01,2022-11-01,Semiconductors,2022-11-01 12:21:25.701803
WOLF,0.01,2022-11-01,Semiconductors,2022-11-01 12:21:25.701803
BHP,0.3675505220907847,2022-11-01,Copper mining,2022-11-01 12:21:26.373970
SCCO,0.36529412174073456,2022-11-01,Copper mining,2022-11-01 12:21:26.373970
FCX,0.26715535616848074,2022-11-01,Copper mining,2022-11-01 12:21:26.373970
IBM,0.28422045810704444,2022-11-01,AI and Machine learning,2022-11-01 12:21:27.502800
TSM,0.10520398516412757,2022-11-01,AI and Machine learning,2022-11-01 12:21:27.502800
GOOGL,0.10407830431688957,2022-11-01,AI and Machine learning,2022-11-01 12:21:27.502800
MSFT,0.09217382973331482,2022-11-01,AI and Machine learning,2022-11-01 12:21:27.502800
INTC,0.09206799955983301,2022-11-01,AI and Machine learning,2022-11-01 12:21:27.502800
AMZN,0.08140239585859568,2022-11-01,AI and Machine learning,2022-11-01 12:21:27.502800
QCOM,0.06824522790320942,2022-11-01,AI and Machine learning,2022-11-01 12:21:27.502800
BABA,0.0681150029881416,2022-11-01,AI and Machine learning,2022-11-01 12:21:27.502800
BIDU,0.06473608003694362,2022-11-01,AI and Machine learning,2022-11-01 12:21:27.502800
NVDA,0.0397567163319003,2022-11-01,AI and Machine learning,2022-11-01 12:21:27.502800
COST,0.10659500704031563,2022-11-01,Food retail chains,2022-11-01 12:21:30.426131
DG,0.10477576683471536,2022-11-01,Food retail chains,2022-11-01 12:21:30.426131
WBA,0.10469433389480304,2022-11-01,Food retail chains,2022-11-01 12:21:30.426131
UNFI,0.1010013311064678,2022-11-01,Food retail chains,2022-11-01 12:21:30.426131
TGT,0.10011458670043429,2022-11-01,Food retail chains,2022-11-01 12:21:30.426131
PSMT,0.09615769856936308,2022-11-01,Food retail chains,2022-11-01 12:21:30.426131
DLTR,0.09017599137084398,2022-11-01,Food retail chains,2022-11-01 12:21:30.426131
SPTN,0.07816018124008595,2022-11-01,Food retail chains,2022-11-01 12:21:30.426131
SFM,0.07561601910750665,2022-11-01,Food retail chains,2022-11-01 12:21:30.426131
ACI,0.07283044846189765,2022-11-01,Food retail chains,2022-11-01 12:21:30.426131
KR,0.04130735908200879,2022-11-01,Food retail chains,2022-11-01 12:21:30.426131
WMT,0.02857127659155776,2022-11-01,Food retail chains,2022-11-01 12:21:30.426131
VRTX,0.3,2022-11-01,CRISPR / Gene editing,2022-11-01 12:21:31.335372
SRPT,0.19856623887109334,2022-11-01,CRISPR / Gene editing,2022-11-01 12:21:31.335372
APLS,0.12961090297948905,2022-11-01,CRISPR / Gene editing,2022-11-01 12:21:31.335372
CRSP,0.0831177632292898,2022-11-01,CRISPR / Gene editing,2022-11-01 12:21:31.335372
ALLO,0.07621915314449686,2022-11-01,CRISPR / Gene editing,2022-11-01 12:21:31.335372
NTLA,0.05681775536267493,2022-11-01,CRISPR / Gene editing,2022-11-01 12:21:31.335372
VERV,0.05450756634217836,2022-11-01,CRISPR / Gene editing,2022-11-01 12:21:31.335372
EDIT,0.05133745057339839,2022-11-01,CRISPR / Gene editing,2022-11-01 12:21:31.335372
BEAM,0.04982316949737918,2022-11-01,CRISPR / Gene editing,2022-11-01 12:21:31.335372
QS,0.5691242849286093,2022-11-01,Electric vehicles battery tech,2022-11-01 12:21:31.490704
MVST,0.43087571507139066,2022-11-01,Electric vehicles battery tech,2022-11-01 12:21:31.490704
IBKR,0.6188946041866062,2022-11-01,Crypto Exchanges,2022-11-01 12:21:31.563963
HOOD,0.23443371423154968,2022-11-01,Crypto Exchanges,2022-11-01 12:21:31.563963
COIN,0.14667168158184415,2022-11-01,Crypto Exchanges,2022-11-01 12:21:31.563963
SPG,0.056416114606650775,2022-11-01,REIT Retail,2022-11-01 12:21:36.850068
KIM,0.055699747020926574,2022-11-01,REIT Retail,2022-11-01 12:21:36.850068
REG,0.05520265123164907,2022-11-01,REIT Retail,2022-11-01 12:21:36.850068
FRT,0.05441841166158874,2022-11-01,REIT Retail,2022-11-01 12:21:36.850068
BRX,0.05398377984104166,2022-11-01,REIT Retail,2022-11-01 12:21:36.850068
ROIC,0.05358545981112149,2022-11-01,REIT Retail,2022-11-01 12:21:36.850068
KRG,0.05180512292425271,2022-11-01,REIT Retail,2022-11-01 12:21:36.850068
SITC,0.05112744441068493,2022-11-01,REIT Retail,2022-11-01 12:21:36.850068
SKT,0.05051912931708184,2022-11-01,REIT Retail,2022-11-01 12:21:36.850068
RPT,0.050396418692739114,2022-11-01,REIT Retail,2022-11-01 12:21:36.850068
MAC,0.05032344730578321,2022-11-01,REIT Retail,2022-11-01 12:21:36.850068
AKR,0.04995918740025428,2022-11-01,REIT Retail,2022-11-01 12:21:36.850068
UBA,0.049048506073889574,2022-11-01,REIT Retail,2022-11-01 12:21:36.850068
WSR,0.04896213988966765,2022-11-01,REIT Retail,2022-11-01 12:21:36.850068
NTST,0.04800445937728077,2022-11-01,REIT Retail,2022-11-01 12:21:36.850068
PECO,0.047677238181286795,2022-11-01,REIT Retail,2022-11-01 12:21:36.850068
NNN,0.04529667329349986,2022-11-01,REIT Retail,2022-11-01 12:21:36.850068
GTY,0.03886315296694427,2022-11-01,REIT Retail,2022-11-01 12:21:36.850068
O,0.0371679654934367,2022-11-01,REIT Retail,2022-11-01 12:21:36.850068
SRG,0.0368360512154918,2022-11-01,REIT Retail,2022-11-01 12:21:36.850068
ADC,0.014706899284728212,2022-11-01,REIT Retail,2022-11-01 12:21:36.850068
ARE,0.07316081453295177,2022-11-01,REIT Office,2022-11-01 12:21:40.007074
CIO,0.06294048129070967,2022-11-01,REIT Office,2022-11-01 12:21:40.007074
PGRE,0.061720764452145284,2022-11-01,REIT Office,2022-11-01 12:21:40.007074
BXP,0.059731755462814576,2022-11-01,REIT Office,2022-11-01 12:21:40.007074
BDN,0.05878963157148033,2022-11-01,REIT Office,2022-11-01 12:21:40.007074
JBGS,0.057833203772375184,2022-11-01,REIT Office,2022-11-01 12:21:40.007074
CUZ,0.05744436045101649,2022-11-01,REIT Office,2022-11-01 12:21:40.007074
DEI,0.057090376752182335,2022-11-01,REIT Office,2022-11-01 12:21:40.007074
VNO,0.055450261763525875,2022-11-01,REIT Office,2022-11-01 12:21:40.007074
KRC,0.05475291538288953,2022-11-01,REIT Office,2022-11-01 12:21:40.007074
SLG,0.0530919883704761,2022-11-01,REIT Office,2022-11-01 12:21:40.007074
OPI,0.05240412290285013,2022-11-01,REIT Office,2022-11-01 12:21:40.007074
HPP,0.0522892460538926,2022-11-01,REIT Office,2022-11-01 12:21:40.007074
PDM,0.05124278985369217,2022-11-01,REIT Office,2022-11-01 12:21:40.007074
HIW,0.049826003382179844,2022-11-01,REIT Office,2022-11-01 12:21:40.007074
ONL,0.04787237418120754,2022-11-01,REIT Office,2022-11-01 12:21:40.007074
FSP,0.04334680356163544,2022-11-01,REIT Office,2022-11-01 12:21:40.007074
OFC,0.0310121062619752,2022-11-01,REIT Office,2022-11-01 12:21:40.007074
DEA,0.010000000000000004,2022-11-01,REIT Office,2022-11-01 12:21:40.007074
EQC,0.01,2022-11-01,REIT Office,2022-11-01 12:21:40.007074
EL,0.12317971925777532,2022-11-01,Consumer staples,2022-11-01 12:21:43.109824
SYY,0.10721785815775446,2022-11-01,Consumer staples,2022-11-01 12:21:43.109824
MNST,0.1042962497011275,2022-11-01,Consumer staples,2022-11-01 12:21:43.109824
COST,0.10203416355459557,2022-11-01,Consumer staples,2022-11-01 12:21:43.109824
WBA,0.1017262720444979,2022-11-01,Consumer staples,2022-11-01 12:21:43.109824
ADM,0.0876583193878872,2022-11-01,Consumer staples,2022-11-01 12:21:43.109824
MDLZ,0.07050430309259006,2022-11-01,Consumer staples,2022-11-01 12:21:43.109824
PEP,0.05378767410483119,2022-11-01,Consumer staples,2022-11-01 12:21:43.109824
STZ,0.05257266746934993,2022-11-01,Consumer staples,2022-11-01 12:21:43.109824
PG,0.040328231577969255,2022-11-01,Consumer staples,2022-11-01 12:21:43.109824
KO,0.039113724655404296,2022-11-01,Consumer staples,2022-11-01 12:21:43.109824
KR,0.02936910744763067,2022-11-01,Consumer staples,2022-11-01 12:21:43.109824
WMT,0.01746378443739635,2022-11-01,Consumer staples,2022-11-01 12:21:43.109824
PM,0.010747925111190302,2022-11-01,Consumer staples,2022-11-01 12:21:43.109824
KMB,0.010000000000000002,2022-11-01,Consumer staples,2022-11-01 12:21:43.109824
CL,0.01,2022-11-01,Consumer staples,2022-11-01 12:21:43.109824
KHC,0.01,2022-11-01,Consumer staples,2022-11-01 12:21:43.109824
MO,0.01,2022-11-01,Consumer staples,2022-11-01 12:21:43.109824
HSY,0.01,2022-11-01,Consumer staples,2022-11-01 12:21:43.109824
GIS,0.01,2022-11-01,Consumer staples,2022-11-01 12:21:43.109824
ALEX,0.0706844854353539,2022-11-01,REIT Diversified,2022-11-01 12:21:43.590898
VICI,0.06779936073771957,2022-11-01,REIT Diversified,2022-11-01 12:21:43.590898
BRSP,0.06723480824309402,2022-11-01,REIT Diversified,2022-11-01 12:21:43.590898
UE,0.06289675464110835,2022-11-01,REIT Diversified,2022-11-01 12:21:43.590898
ESRT,0.06263383884049682,2022-11-01,REIT Diversified,2022-11-01 12:21:43.590898
AHH,0.06179719835745772,2022-11-01,REIT Diversified,2022-11-01 12:21:43.590898
GOOD,0.06157482156404509,2022-11-01,REIT Diversified,2022-11-01 12:21:43.590898
EPRT,0.0598986496749655,2022-11-01,REIT Diversified,2022-11-01 12:21:43.590898
SRC,0.05926076125166341,2022-11-01,REIT Diversified,2022-11-01 12:21:43.590898
STAR,0.05698688046764085,2022-11-01,REIT Diversified,2022-11-01 12:21:43.590898
BNL,0.05674959059335795,2022-11-01,REIT Diversified,2022-11-01 12:21:43.590898
SAFE,0.056420644366624514,2022-11-01,REIT Diversified,2022-11-01 12:21:43.590898
AAT,0.05506382341947676,2022-11-01,REIT Diversified,2022-11-01 12:21:43.590898
DBRG,0.05405808565926861,2022-11-01,REIT Diversified,2022-11-01 12:21:43.590898
STOR,0.05395161905969859,2022-11-01,REIT Diversified,2022-11-01 12:21:43.590898
GNL,0.05013261581178425,2022-11-01,REIT Diversified,2022-11-01 12:21:43.590898
WPC,0.04285606187624409,2022-11-01,REIT Diversified,2022-11-01 12:21:43.590898
RGR,0.3,2022-11-01,Firearms,2022-11-01 12:21:43.754211
VSTO,0.2630969775803821,2022-11-01,Firearms,2022-11-01 12:21:43.754211
SWBI,0.22206399312017697,2022-11-01,Firearms,2022-11-01 12:21:43.754211
POWW,0.2148390292994411,2022-11-01,Firearms,2022-11-01 12:21:43.754211
NEE,0.1274744303578503,2022-11-01,Utilities,2022-11-01 12:21:44.171137
AWK,0.12308656001049922,2022-11-01,Utilities,2022-11-01 12:21:44.171137
PPL,0.11434496810446838,2022-11-01,Utilities,2022-11-01 12:21:44.171137
EIX,0.10245807085486022,2022-11-01,Utilities,2022-11-01 12:21:44.171137
AEP,0.0639802832973628,2022-11-01,Utilities,2022-11-01 12:21:44.171137
ETR,0.06319413304361719,2022-11-01,Utilities,2022-11-01 12:21:44.171137
XEL,0.055944323723442026,2022-11-01,Utilities,2022-11-01 12:21:44.171137
FE,0.05216123841491358,2022-11-01,Utilities,2022-11-01 12:21:44.171137
AEE,0.04955816027984685,2022-11-01,Utilities,2022-11-01 12:21:44.171137
DTE,0.04878790840012974,2022-11-01,Utilities,2022-11-01 12:21:44.171137
ES,0.046653413821308665,2022-11-01,Utilities,2022-11-01 12:21:44.171137
SO,0.03679707890131539,2022-11-01,Utilities,2022-11-01 12:21:44.171137
D,0.03527599625028497,2022-11-01,Utilities,2022-11-01 12:21:44.171137
WEC,0.02870981943375333,2022-11-01,Utilities,2022-11-01 12:21:44.171137
DUK,0.028345095063438575,2022-11-01,Utilities,2022-11-01 12:21:44.171137
ED,0.023228520042908773,2022-11-01,Utilities,2022-11-01 12:21:44.171137
RCL,0.28608902943010145,2022-11-01,Cruise line,2022-11-01 12:21:44.306593
CCL,0.2452370036777032,2022-11-01,Cruise line,2022-11-01 12:21:44.306593
NCLH,0.2368138404078641,2022-11-01,Cruise line,2022-11-01 12:21:44.306593
LIND,0.23186012648433124,2022-11-01,Cruise line,2022-11-01 12:21:44.306593
ADM,0.09927145029036973,2022-11-01,Food Producers,2022-11-01 12:21:45.196963
SMPL,0.09647550848806524,2022-11-01,Food Producers,2022-11-01 12:21:45.196963
LW,0.09172326891437449,2022-11-01,Food Producers,2022-11-01 12:21:45.196963
HAIN,0.07726994043786628,2022-11-01,Food Producers,2022-11-01 12:21:45.196963
NOMD,0.07548996781724515,2022-11-01,Food Producers,2022-11-01 12:21:45.196963
MDLZ,0.07531926962263491,2022-11-01,Food Producers,2022-11-01 12:21:45.196963
BRFS,0.0742904244874464,2022-11-01,Food Producers,2022-11-01 12:21:45.196963
FRPT,0.0713870120858951,2022-11-01,Food Producers,2022-11-01 12:21:45.196963
POST,0.05865891327126319,2022-11-01,Food Producers,2022-11-01 12:21:45.196963
TWNK,0.05296981225369329,2022-11-01,Food Producers,2022-11-01 12:21:45.196963
TSN,0.052899350316977865,2022-11-01,Food Producers,2022-11-01 12:21:45.196963
UL,0.028517103983492022,2022-11-01,Food Producers,2022-11-01 12:21:45.196963
MKC,0.019801956503488323,2022-11-01,Food Producers,2022-11-01 12:21:45.196963
LANC,0.018620764989170646,2022-11-01,Food Producers,2022-11-01 12:21:45.196963
CAG,0.01730525653801744,2022-11-01,Food Producers,2022-11-01 12:21:45.196963
GIS,0.010000000000000004,2022-11-01,Food Producers,2022-11-01 12:21:45.196963
HRL,0.010000000000000002,2022-11-01,Food Producers,2022-11-01 12:21:45.196963
SJM,0.010000000000000002,2022-11-01,Food Producers,2022-11-01 12:21:45.196963
FLO,0.010000000000000002,2022-11-01,Food Producers,2022-11-01 12:21:45.196963
KHC,0.010000000000000002,2022-11-01,Food Producers,2022-11-01 12:21:45.196963
K,0.01,2022-11-01,Food Producers,2022-11-01 12:21:45.196963
JJSF,0.01,2022-11-01,Food Producers,2022-11-01 12:21:45.196963
HSY,0.01,2022-11-01,Food Producers,2022-11-01 12:21:45.196963
CPB,0.01,2022-11-01,Food Producers,2022-11-01 12:21:45.196963
